-- phpMyAdmin SQL Dump
-- version 5.1.0
-- https://www.phpmyadmin.net/
--
-- Host: localhost
-- Generation Time: Dec 28, 2021 at 03:25 PM
-- Server version: 10.4.18-MariaDB
-- PHP Version: 7.4.16

SET SQL_MODE = "NO_AUTO_VALUE_ON_ZERO";
START TRANSACTION;
SET time_zone = "+00:00";


/*!40101 SET @OLD_CHARACTER_SET_CLIENT=@@CHARACTER_SET_CLIENT */;
/*!40101 SET @OLD_CHARACTER_SET_RESULTS=@@CHARACTER_SET_RESULTS */;
/*!40101 SET @OLD_COLLATION_CONNECTION=@@COLLATION_CONNECTION */;
/*!40101 SET NAMES utf8mb4 */;

--
-- Database: `assignment`
--

-- --------------------------------------------------------

--
-- Table structure for table `CAR_BRANDS`
--

CREATE TABLE `CAR_BRANDS` (
  `BRAND_ID` int(2) NOT NULL,
  `BRAND_NAME` varchar(50) NOT NULL,
  `BRAND_COUNTRY` varchar(50) NOT NULL
) ENGINE=InnoDB DEFAULT CHARSET=utf8mb4;

--
-- Dumping data for table `CAR_BRANDS`
--

INSERT INTO `CAR_BRANDS` (`BRAND_ID`, `BRAND_NAME`, `BRAND_COUNTRY`) VALUES
(1, 'AUDI', 'GERMANY'),
(2, 'BMW', 'GERMANY'),
(3, 'PORSCHE', 'GERMANY'),
(4, 'OPEL', 'GERMANY'),
(5, 'VOLKSWAGEN', 'GERMANY'),
(6, 'TOYOTA', 'JAPAN'),
(7, 'MAZDA', 'JAPAN'),
(8, 'SUZUKI', 'JAPAN'),
(9, 'ISUZU', 'JAPAN'),
(10, 'CITROEN', 'FRANCE'),
(11, 'RENAULT', 'FRANCE'),
(12, 'FORD', 'USA'),
(13, 'GM', 'USA'),
(14, 'FIAT', 'ITALY'),
(15, 'FERRARI', 'ITALY'),
(16, 'GAZ', 'RUSSIA'),
(17, 'KAMAZ', 'RUSSIA'),
(18, 'KIA', 'SOUTH KOREA'),
(19, 'HYUNDAI', 'SOUTH KOREA'),
(20, 'FAW', 'CHINA'),
(21, 'GEELY', 'CHINA'),
(22, 'TATA', 'INDIA'),
(23, 'MAHINDRA', 'INDIA'),
(24, 'VOLVO', 'SWEDEN'),
(25, 'SCANIA', 'SWEDEN');

-- --------------------------------------------------------

--
-- Table structure for table `CLIENTS`
--

CREATE TABLE `CLIENTS` (
  `NAME` varchar(150) DEFAULT NULL,
  `DISTRICT` varchar(50) DEFAULT NULL,
  `BRAND_ID` int(2) DEFAULT NULL,
  `ORDER` int(3) DEFAULT NULL
) ENGINE=InnoDB DEFAULT CHARSET=utf8mb4;

--
-- Dumping data for table `CLIENTS`
--

INSERT INTO `CLIENTS` (`NAME`, `DISTRICT`, `BRAND_ID`, `ORDER`) VALUES
('ASSALA NASRI', 'KIBALE', 1, 20),
('AHLAM ALSHAMSI', 'HOIMA', 2, 100),
('RAGHEB ALAMA', 'JINJA', 2, 150),
('NANCY AJRAM', 'JINJA', 2, 300),
('KADIM ALSAHER', 'MUKONO', 3, 15),
('ANAS AL-ABDAH', 'MASAKA', 4, 30),
('MOHAMMED AKKAD', 'TORORO', 5, 40),
('HISHAM MARWAH', 'TORORO', 6, 45),
('DERRICK ADAMSON', 'TORORO', 7, 50),
('KIMBERLY BARRET', 'KYENJOJO', 8, 500),
('YOWERI KAIJA MUNTU', 'FORT', 9, 650),
('JOSEPH MUSANYUFU', 'WAKISO', 10, 700),
('PETER ELWELU', 'WAKISO', 11, 300),
('CHARLES LWANGA LUTAAYA', 'KAMPALA', 12, 75),
('JAMES BIRUNGU', 'BULIISA', 13, 80),
('JIM WILLIS BYARUHANGA', 'LUGAZI', 14, 35),
('MOSES DIIBA SENTONGO', 'LUGAZI', 15, 20),
('RAMADHAN KYAMULESIRE', 'LUGAZI', 15, 80),
('ARTHUR MUSINGUZI', 'GULU', 16, 30),
('HENRY MASIKO', 'GULU', 3, 35),
('INNOCENT BASHUNGWA', 'GULU', 17, 30),
('MAURICE HENRY DORMAN', 'ABIM', 18, 40),
('PAUL MAKONDA', 'KITGUM', 18, 45),
('GEORGE LUBELEJE', 'APAC', 19, 65),
('MWITA WAITARA', 'LIRA', 19, 10),
('CONSTANTINE KANYASU', 'LIRA', 20, 10),
('JEREMIAH KASAMBALA', 'LIRA', 21, 40),
('ADAM KIMBISA', 'AJUMANI', 22, 45),
('SAED KUBENEA', 'AJUMANI', 23, 30),
('ELIAS JOHN KWANDIKWA', 'MOYO', 24, 15),
('PETER JOHN KWANDIKWA', 'MOYO', 25, 5);

-- --------------------------------------------------------

--
-- Table structure for table `DEALERSHIPS`
--

CREATE TABLE `DEALERSHIPS` (
  `ID` int(2) NOT NULL,
  `NAME` varchar(100) DEFAULT NULL,
  `DISTRICT` varchar(50) DEFAULT NULL,
  `BRAND_ID` int(2) DEFAULT NULL,
  `VOLUME` int(7) DEFAULT NULL
) ENGINE=InnoDB DEFAULT CHARSET=utf8mb4;

--
-- Dumping data for table `DEALERSHIPS`
--

INSERT INTO `DEALERSHIPS` (`ID`, `NAME`, `DISTRICT`, `BRAND_ID`, `VOLUME`) VALUES
(1, 'WORLD FORD MUKONO', 'MUKONO', 1, 10000),
(2, 'KAYUNGA NISSAN', 'KAYUNGA', 2, 24000),
(3, 'NGAANGI TOYOTA', 'KIBAALE', 3, 30000),
(4, 'BAJJO FORD HYUNDAI', 'MUKONO', 4, 5000),
(5, 'WEST HOIMA TOYOTA', 'HOIMA', 5, 6500),
(6, 'WEST MASINDI FORD', 'MASINDI', 6, 8000),
(7, 'WEST KIBAALE DODGE', 'KIBAALE', 7, 9000),
(8, 'BUKANJA TOYOTA', 'MUKONO', 8, 10500),
(9, 'BUKOLOOTO HONDA', 'KAYUNGA', 9, 3000),
(10, 'KARUGUUZA FORD', 'KIBAALE', 10, 4000),
(11, 'VIP HONDA', 'MASAKA', 11, 1200),
(12, 'KYENJOJO BUICK GMC', 'KYENJOJO', 12, 500),
(13, 'GULU SUBARU', 'GULU', 13, 450),
(14, 'UNIVERSAL LUGAZI HYUNDAI', 'LUGAZI', 14, 10000),
(15, 'MBIKO FORD', 'JINJA', 14, 1450),
(16, 'DUHAGA CHEVROLET', 'HOIMA', 15, 200),
(17, 'ARUA TOYOTA', 'ARUA', 16, 4000),
(18, 'SUBARU OF MBARARA', 'MBARARA', 17, 150),
(19, 'TOYOTA OF NYAMBINDO', 'MASINDI', 18, 1800),
(20, 'TOYOTA OF KIRASA', 'MASINDI', 19, 750),
(21, 'KAYUNGA CHEVROLET', 'KAYUNGA', 21, 200000),
(22, 'KIJURA BUICK GMC', 'MASINDI', 22, 300),
(23, 'WORLD FAW KARUGUUZA', 'KIBAALE', 23, 250000),
(24, 'TOYOTA OF NAZIGO', 'KAYUNGA', 24, 300000),
(25, 'KAGADI FORD', 'MUHOORO', 25, 250);

-- --------------------------------------------------------

--
-- Table structure for table `VEHICLES`
--

CREATE TABLE `VEHICLES` (
  `VEHICLE_ID` int(11) NOT NULL,
  `VEHICLE_NAME` varchar(50) DEFAULT NULL,
  `VEHICLE_MODEL` year(4) DEFAULT NULL,
  `VEHICLE_TYPE` varchar(50) DEFAULT NULL,
  `VEHICLE_COLOR` varchar(50) DEFAULT NULL,
  `BRAND_ID` int(2) DEFAULT NULL
) ENGINE=InnoDB DEFAULT CHARSET=utf8mb4;

--
-- Dumping data for table `VEHICLES`
--

INSERT INTO `VEHICLES` (`VEHICLE_ID`, `VEHICLE_NAME`, `VEHICLE_MODEL`, `VEHICLE_TYPE`, `VEHICLE_COLOR`, `BRAND_ID`) VALUES
(1, 'A4', 2020, 'SEDAN', 'CREAM', 1),
(2, 'A5', 2019, 'COUPE', 'WHITE', 1),
(3, 'A6', 2018, 'SUV', 'BLACK', 1),
(4, 'Q7', 2021, 'CUV', 'WHITE', 1),
(5, '3 SERIES', 2020, 'SEDAN', 'WHITE', 2),
(6, 'X5', 2020, 'CUV', 'WHITE', 2),
(7, 'TAYCAN', 2019, 'SEDAN', 'BLACK', 3),
(8, 'MACAN', 2020, 'COUPE', 'BLACK', 3),
(9, 'CAYENNE', 2021, 'SUV', 'BLACK', 3),
(10, 'ASTRA', 2019, 'HATCH', 'MAROON', 4),
(11, 'LOTION', 2020, 'SUV', 'MAROON', 4),
(12, 'CORSA4', 2021, 'SEDAN', 'WHITE', 4),
(13, 'GOLF', 2018, 'HATCH', 'WHITE', 5),
(14, 'TIGUAN', 2020, 'SUV', 'WHITE', 5),
(15, 'TOUREG', 2021, 'SUV', 'CREAM', 5),
(16, 'VARIANT', 2022, 'HATCH', 'CREAM', 5),
(17, 'DYNA', 2017, 'TRUCK', 'WHITE', 6),
(18, 'WISH', 2018, 'HATCH', 'WHITE', 6),
(19, 'PREMIO', 2019, 'SEDAN', 'WHITE', 6),
(20, 'MARK X', 2020, 'SEDAN', 'BLACK', 6),
(21, 'HIACE', 2021, 'VAN', 'BLACK', 6),
(22, 'ALLEX', 2022, 'HATCH', 'BLACK', 6),
(23, 'FLAIR', 2018, 'SUV', 'WHITE', 7),
(24, 'SCRUM', 2019, 'HATCH', 'WHITE', 7),
(25, 'CAROL', 2020, 'SUV', 'BLACK', 7),
(26, 'CX-3', 2021, 'SEDAN', 'BLACK', 7),
(27, 'CX-8', 2022, 'HATCH', 'BLACK', 7),
(28, 'VITARA', 2021, 'SEDAN', 'BLACK', 8),
(29, 'ESCUDO', 2022, 'SUV', 'BLACK', 8),
(30, 'ELF', 2021, 'TRUCK', 'WHITE', 9),
(31, 'FORWARD', 2020, 'TRUCK', 'WHITE', 9),
(32, 'D-MAX', 2021, 'SUV', 'CREAM', 9),
(33, 'C4', 2021, 'HATCH', 'BLACK', 10),
(34, 'C5', 2022, 'SEDAN', 'BLACK', 10),
(35, 'C6', 2021, 'SEDAN', 'BLACK', 10),
(36, 'KOLEOS', 2020, 'HATCH', 'WHITE', 11),
(37, 'MEGANE', 2021, 'SEDAN', 'WHITE', 11),
(38, 'KADJAR', 2022, 'SEDAN', 'BLACK', 11),
(39, 'DUSTER', 2021, 'SEDAN', 'CREAM', 11),
(40, 'FIESTA', 2021, 'SUV', 'WHITE', 12),
(41, 'RANGER', 2020, 'PICK UP', 'WHITE', 12),
(42, 'EXPLORER', 2021, 'CUV', 'BLACK', 12),
(43, 'MUSTANG', 2022, 'SEDAN', 'CREAM', 12),
(44, 'GMC', 2020, 'SUV', 'BLACK', 13),
(45, 'BUICK', 2021, 'SUV', 'BLACK', 13),
(46, 'CADILLAC', 2022, 'SUV', 'BLACK', 13),
(47, 'PANDA', 2021, 'SEDAN', 'RED', 14),
(48, 'CHRYSLER', 2021, 'SEDAN', 'RED', 14),
(49, 'SPIDER', 2021, 'SEDAN', 'RED', 15),
(50, 'LUSSO', 2021, 'SEDAN', 'RED', 15),
(51, 'VECTOR', 2020, 'BUS', 'WHITE', 16),
(52, 'CITILINE', 2020, 'BUS', 'WHITE', 16),
(53, 'NEXT', 2020, 'TRUCK', 'WHITE', 16),
(54, 'DAKAR', 2021, 'TRUCK', 'WHITE', 17),
(55, 'BARHAN', 2021, 'TRUCK', 'WHITE', 17),
(56, 'CEED', 2020, 'SEDAN', 'BLACK', 18),
(57, 'FORTE', 2020, 'SUV', 'BLACK', 18),
(58, 'CRETA', 2019, 'SEDAN', 'WHITE', 19),
(59, 'VENUE', 2020, 'SEDAN', 'WHITE', 19),
(60, 'SANTRO', 2018, 'SEDAN', 'WHITE', 19),
(61, 'HONGQI', 2020, 'SEDAN', 'WHITE', 20),
(62, 'BEATURN', 2021, 'SEDAN', 'WHITE', 20),
(63, 'EMGRAND', 2020, 'SEDAN', 'BLACK', 21),
(64, 'PANDA', 2020, 'SEDAN', 'BLACK', 21),
(65, 'STAR', 2020, 'TRUCK', 'WHITE', 22),
(66, 'MACOPOLO', 2019, 'TRUCK', 'BLACK', 22),
(67, 'SAFARI', 2018, 'SEDAN', 'BLACK', 22),
(68, 'MARAZZO', 2018, 'SUV', 'BLACK', 23),
(69, 'VERITO', 2018, 'SUV', 'BLACK', 23),
(70, 'C30', 2021, 'BUS', 'CREAM', 24),
(71, 'C70', 2020, 'BUS', 'WHITE', 24),
(72, 'S90', 2020, 'TRUCK', 'WHITE', 24),
(73, 'R500', 2020, 'TRUCK', 'BLACK', 25),
(74, 'G460', 2019, 'TRUCK', 'CREAM', 25),
(75, 'P410', 2020, 'SUV', 'WHITE', 25);

--
-- Indexes for dumped tables
--

--
-- Indexes for table `CAR_BRANDS`
--
ALTER TABLE `CAR_BRANDS`
  ADD PRIMARY KEY (`BRAND_ID`);

--
-- Indexes for table `CLIENTS`
--
ALTER TABLE `CLIENTS`
  ADD KEY `BRAND_ID` (`BRAND_ID`);

--
-- Indexes for table `DEALERSHIPS`
--
ALTER TABLE `DEALERSHIPS`
  ADD PRIMARY KEY (`ID`),
  ADD KEY `BRAND_ID` (`BRAND_ID`);

--
-- Indexes for table `VEHICLES`
--
ALTER TABLE `VEHICLES`
  ADD PRIMARY KEY (`VEHICLE_ID`),
  ADD KEY `BRAND_ID` (`BRAND_ID`);

--
-- AUTO_INCREMENT for dumped tables
--

--
-- AUTO_INCREMENT for table `DEALERSHIPS`
--
ALTER TABLE `DEALERSHIPS`
  MODIFY `ID` int(2) NOT NULL AUTO_INCREMENT, AUTO_INCREMENT=26;

--
-- AUTO_INCREMENT for table `VEHICLES`
--
ALTER TABLE `VEHICLES`
  MODIFY `VEHICLE_ID` int(11) NOT NULL AUTO_INCREMENT, AUTO_INCREMENT=76;

--
-- Constraints for dumped tables
--

--
-- Constraints for table `CLIENTS`
--
ALTER TABLE `CLIENTS`
  ADD CONSTRAINT `CLIENTS_ibfk_1` FOREIGN KEY (`BRAND_ID`) REFERENCES `CAR_BRANDS` (`BRAND_ID`);

--
-- Constraints for table `DEALERSHIPS`
--
ALTER TABLE `DEALERSHIPS`
  ADD CONSTRAINT `DEALERSHIPS_ibfk_1` FOREIGN KEY (`BRAND_ID`) REFERENCES `CAR_BRANDS` (`BRAND_ID`);

--
-- Constraints for table `VEHICLES`
--
ALTER TABLE `VEHICLES`
  ADD CONSTRAINT `VEHICLES_ibfk_1` FOREIGN KEY (`BRAND_ID`) REFERENCES `CAR_BRANDS` (`BRAND_ID`);
COMMIT;

/*!40101 SET CHARACTER_SET_CLIENT=@OLD_CHARACTER_SET_CLIENT */;
/*!40101 SET CHARACTER_SET_RESULTS=@OLD_CHARACTER_SET_RESULTS */;
/*!40101 SET COLLATION_CONNECTION=@OLD_COLLATION_CONNECTION */;
